Proveedor,Rama Especialización,No. de Registro,Fecha Registro Padrón,Dirección,Colonia,Código Postal,Entidad Federativa,Correo Electrónico,Telefono
3D BUSINESS AND SOLUTIONS SA DE CV,Sistemas fotovoltaicos,1894SFV,2021-08-20,CALLE 10 # 94,EL PORVENIR,57430,Estado de México,uguglielmi@3dpro.mx,55 6550 8871 
AB GREEN CONSTRUCTORA E INTEGRADORA DE ECOTECNOLOGIAS SAS DE CV,Sistemas fotovoltaicos,2123SFV,2021-07-16,CALLE AQUILES SERDAN 179,VICTORIA DE DURANGO CENTRO,34000,Durango,soporteejecutivo.abgreen@gmail.com,6188189252
ABAR CONSTRUCCIONES SA DE CV,Sistemas fotovoltaicos,1959SFV,2021-08-06,AV.PODER LEGISLATIVO 300-A,DEL EMPLEADO,62250,Morelos,abar.direccion@gmail.com,7772436670
ABELARDO RODRIGUEZ LOPEZ,Sistemas fotovoltaicos,1502SFV,2022-06-30,AV. UNIVERSIDAD No. 3320,MAGISTERIAL,31310,Chihuahua,"abelardordz@outlook.com, arodriguez@eco-energia.com",01 614 414 2488
ABM SOLUCIONES INTEGRALES S.A. DE C.V.,Sistemas fotovoltaicos,1717SFV,2022-03-11,CALLE 61 NO.  37 A,REVOLUCION,24120,CAMPECHE,bvazquez@abmsisa.com,938 112 4105
ADRIAN ALEJANDRO TORRES MARTINEZ,Sistemas fotovoltaicos,2135SFV,2021-10-13,TEPIC XALISCO 516,MIRAVALLES,63184,Nayarit,adrian.alejandro.torres@gmail.com,3111038290
AHORRA LUZ S.A. DE C.V.,Sistemas fotovoltaicos,1893SFV,2021-12-17,ALFREDO C. GARCIA 103,SAN JOSE,64270,NUEVO LEÓN,vicenteg@aluz.mx,818371 7181
"AISLAMIENTOS Y CLIMAS DE OBREGON, S.A. DE C.V.",Sistemas fotovoltaicos,1888SFV,2021-03-29,CEIBA NO. 805,CHAPULTEPEC,85100,Sonora,"aislamientosdeobregon@hotmail.com, acoenergiasolar@gmail.com",644 16 91 925
ALEJANDRO VILLALOBOS QUINTANA,Sistemas fotovoltaicos,2133SFV,2021-09-24,FERNANDO F DWORAK No. 999,MUNICIPIO LIBRE,85080,Sonora,aviclimas@hotmail.com,644 412 2418
ALLES AMBIENTAL S.A. DE C.V. ,Sistemas fotovoltaicos,1546SFV,2020-11-12,AV CALZADA CENTRAL No. 45,CIUDAD GRANJA,45010,Jalisco,"jazmin@allesambiental.com, admin.alles@gmail.com, administracion@allessolar.com",01 33 3629 3150
ALT ENERGY DE MEXICO SA DE CV,Sistemas fotovoltaicos,1919SFV,2019-04-05,AV INDUSTRIALES 101-A,INDUSTRIAL JULIAN DE OBREGON,37290,Guanajuato,altenergyadmon2@gmail.com,4777115010
ALTA EDIFICA Y CONSTRUYE SA DE CV,Sistemas fotovoltaicos,1972SFV,2019-09-27,MORALES ESQ  AVE CHAIREL,ALTAVISTA,89240,Tamaulipas,delrjant@hotmail.com,8332276164
ALTERNATIVA ENERGETICA S.A. DE C.V.,Sistemas fotovoltaicos,1605SFV,2021-12-17,AV SAN LORENZO NO. 4 INT. 1,CENTRO,72700,PUEBLA,"j.totolhua@energiasolar.com.mx,",222 50 90  384
AMERICAN RENEWABLES INSTITUTE SA DE CV,Sistemas fotovoltaicos,2209SFV,2022-05-17,CALZADA HÉROES DE CHAPULTEPEC 405,XOCHIMILCO,68040,Oaxaca,energizatesolar@gmail.com,9515928181
AMIGANET S. DE R.L. DE C.V. ,Sistemas fotovoltaicos,1921SFV,2022-02-25,AV LAZARO CARDENAS  2795,JARDINES DEL BOSQUE,44520,Jalisco,alberto@renovablesdelsur.com,33 1491 0983
ANA LIDIA VALDEZ VEJAR,Sistemas fotovoltaicos,1918SFV,2019-04-05,COMONFORT 247,SANTA MARIA TEQUEPEXPAN,45601,Jalisco,dali_fide@hotmail.com,3312570163
ANGEL BENJAMIN ROMO CASTAÑEDA,Sistemas fotovoltaicos,1917SFV,2021-08-06,RAMON CORONA 1026,VILLAS DE ZULA,47862,JALISCO,aromo@greenprojects.com.mx,3315853697
"ANGSTROM, S.A. DE C.V.",Sistemas fotovoltaicos,1963SFV,2022-02-25,PRIVADA DE BUGAMBILIAS NO. 7,LA TRINIDAD SANCTORUM,72730,Puebla,ferangstrom@gmail.com, 222 247 13 42
AR SUN ENERGY S.A. DE C.V.,"Cogeneración, Sistemas fotovoltaicos",1602PIA,2019-02-28,HEGEL # 122 INT 501,CHAPULTEPEC MORALES,11570,Ciudad de México,hoover.patino@arsunenergy.com,6364-2658
ARQUITLAN  S DE R L,Sistemas fotovoltaicos,1885SFV,2020-11-29,AV.25 EXT. 2 MANZANA 39 LOTE 5,PARAÍSO DEL CARMEN,77710,Quintana Roo,jfuentes@inviertesolar.com,9847452577
ASOCIACION COMERCIAL DE INGENIERIA Y SERVICIOS SA DE CV,Sistemas fotovoltaicos,1818SFV,2023-05-26,HACIENDA JOFRE 403,JARDINES DE LA HACIENDA,76180,Querétaro,sustentabilidad@acissa.com,5529196053
ASOCIACION HERZ MEXICO SC,Sistemas fotovoltaicos,2008SFV,2022-11-11,BLVD  ALFONSO ZARAGOZA MAYTORENA 1780,DESARROLLO URBANO 3 RIOS,80020,Sinaloa,"jonathan@ahm.com.mx, hola@avenergie.mx",6677508512
"AUROVIRTUAL, S.A. DE C.V.",Sistemas fotovoltaicos,2021SFV,2023-04-14,CIRCUITO MEDICOS 30 INT 1,CIUDAD SATELITE,53100,Estado de México,eleyra@energeka.com,44380013
AZTECA LIGHTING SA DE CV,Sistemas fotovoltaicos,1961SFV,2019-07-31,SIERRA INDIA,LOMAS DE MAZATLAN,82110,Sinaloa,alonsopuerto@aztecalighting.com,6691800778
BAWOR SA DE CV,Sistemas fotovoltaicos,2101SFV,2021-02-05,AV CERRO GORDO #518 INT 4,VILLAS DEL CAMPESTRE,37129,Guanajuato,gerencia@vitaenergy.mx,4775553254
BCI SOLUCIONES EN RIEGO SA DE CV,Sistemas fotovoltaicos,1889SFV,2018-12-21,MARIANO ESCOBEDO 991,LAS VEGAS,80090,Sinaloa,proyectos@bciriegos.com,6671579509
BIION POWER S.A. DE C.V.,Sistemas fotovoltaicos,1642SFV,2022-12-02,GARCIA LEON 1687 PISO 1,CHAPULTEPEC ORIENTE,58260,Michoacán,ohernandez@biion.com.mx,4432749910
BIOENERGY DE DURANGO S DE RL DE CV,Sistemas fotovoltaicos,1823SFV,2020-10-29,BLVD. DOMINGO ARRIETA 105,OTRA NO ESPECIFICADA EN EL CATALOGO,34180,Durango,bioenergydurango@gmail.com,6188112777
BIOPANELS DE OCCIDENTE SA DE CV ,Sistemas fotovoltaicos,2210SFV,2022-05-17,ANATOLE FRANCE 268,JARDINES VALLARTA ,45027,Jalisco,direccion@biopanels.com.mx,33313230022
"BUREL, S.A. DE C.V.",Sistemas fotovoltaicos,1731SFV,2019-07-31,FELIPE RUVALCABA NO. 5507,PASEOS DEL SOL 1RA SECCIÓN,45079,Jalisco,jorge@energialibre.mx,01 33 3898 3811
BYCOSIN SA DE CV,Sistemas fotovoltaicos,1983SFV,2019-11-20,RETORNO LUCAS ORTIZ BENITEZ 75,LAS CAMELINAS,58290,Michoacán,oestrada@bycosin.com.mx,4433240739
CALENTADORES SOLARES DE MEXICO S.A. DE C.V.,Sistemas fotovoltaicos,1710SFV,2019-03-25,AGUA MARINA  No. 3032,AGUA BLANCA SUR,45235,Jalisco,"ivantamez@solartechnology.com.mx,proyectos@solartechnology.com.mx, admonultrasol@gmail.com,",01 33 3612 3944
CALIDAD TOTAL EN ILUMINACION SA DE CV,Sistemas fotovoltaicos,1895SFV,2021-04-16,AV.DIAZ ORDAZ 108,ACAPATZINGO,62440,Morelos,am@catilsa.com.mx,7771192702
CARLOS ALFONSO DURAN ALCOCER,Sistemas fotovoltaicos,1909SFV,2019-02-07,PRESIDENTE CARDENAS 1375,SALTILLO CENTRO,25000,Coahuila,carlosduran714@gmail.com,8444121085
CARLOS JAZIEL ESLAVA RODRIGUEZ,Sistemas fotovoltaicos,2136SFV,2021-10-13,CIRCUITO ANTILLAS 148,BARLOVENTO,20286,Aguascalientes,proyectos@cesrenovables.com,4499712127
CARLOS ROMAN ROJAS SIMON,Sistemas fotovoltaicos,1803SFV,2021-04-26,CIENEGUITA 1001,LA CIENEGUITA,68127,Oaxaca,carlos._rojas_r.s@hotmail.com,01 951 524 3338
CAZANDO EL SOL S.A. DE C.V.,Sistemas fotovoltaicos,1814SFV,2020-10-29,CHACAHUA NO. 15 INT. ALTOS,FRACC SANTA ELENA,71230,OAXACA,cazandoelsol@yahoo.com.mx,01 951 533 5098
CENTRO ESPECIALIZADO DE TECNOLOGIA APLICADA SA DE CV,Sistemas fotovoltaicos,2303SFV,2023-04-14,BOULEVARD DEL SOL   46,VALLE DEL SOL,72565,Puebla,bcordero@essancia.com,2228923788
CEOSA SA DE SV,Sistemas fotovoltaicos,1976SFV,2019-10-24,PONIENTE 2 #36,CENTRO,94300,Veracruz,jessik111287@gmail.com,2727225802
CESAR ISMAEL LOPEZ TORRES,Sistemas fotovoltaicos,2126SFV,2021-08-20,RIO ELOTA 415 INT. A,GUADALUOE,80220,Sinaloa,cesar.lopez@sesolar.xyz,6671565928
CHRISTIAN JOSUE CASTILLO SANDOVAL,Sistemas fotovoltaicos,1866SFV,2022-09-23,FELIPE CARRILLO PUERTO 92,PUEBLO NUEVO,86500,Tabasco,ecoenergymx007@gmail.com,9371187456
CLIMAS Y REFACCIONES DEL PUERTO SA DE CV,"Aire acondicionado, Sistemas fotovoltaicos",1902PIA,2019-02-07,AGUA DULCE 210,F FLORIDA,89110,Tamaulipas,contacto@climasyrefaccionesdel puerto.com,01-833-227-5000
"COMA GONZALEZ GUERRA, S.A. DE C.V.",Sistemas fotovoltaicos,2129SFV,2021-09-10,BLOCK A LOCAL 25,CENTRAL DE ABASTOS,20280,Aguascalientes,"jm@gonzalezguerra.com.mx, fotovoltaicos@gonzalezguerra.com.mx, alejandro.garay@gmail.com",4492940688
"COMERCIALIZADORA ECOHEAT, SA DE CV ",Sistemas fotovoltaicos,1914SFV,2021-08-20,AV. SAN MIGUEL NO.283 INT. 82,SAN JUAN DE OCOTAN,45019,JALISCO,sergio@grupoeh.mx,3313689872
COMERCIALIZADORA GENERAL SOLAR SA DE CV,Sistemas fotovoltaicos,2226SFV,2022-09-23,AV ATLACOMULCO 136,POBLADO ACAPATZINGO,62440,Morelos,generalsolar@modulosolar.com.mx,7773128017
"COMERCIALIZADORA LEASOL, S.A. DE C.V.",Sistemas fotovoltaicos,1839SFV,2022-09-23,BLVD. MIGUEL DE LA MADRID HURTADO NO. 11819  L2,BARRIO NUEVO SALAHUA,28869,COLIMA,"tere@leasol.mx,  lsevilla@solarbay.com.mx, rzamora@solarbay.com.mx",(314) 333-2196
COMERCIALIZADORA OLDJAC SA DE CV,Sistemas fotovoltaicos,1902SFV,2021-10-13,VICENTE LOMBARDO TOLEDANO 2495 INT.41,SAN LORENZO TEPALTITLAN,50010,Estado de México,"contacto@etesla.mx, dalien.ortiz@etesla.mx","2296884430,7222371599"
COMERCIALIZADORA SUNAIR S  DE R L DE C V,Sistemas fotovoltaicos,18105SFV,2018-12-21,SAN VICENTE MZN 10 LTE 31 ENTRE CHAPULTEPEC Y EL SAUZAL,VILLAS LA JOYA,23474,Baja California Sur,"hector@solair.com.mx,cecilia@solair.com.mx",01 624 146 3524
COMPAÑIA ALBORADA DE AMERICA S. DE R.L. DE C.V.,Sistemas fotovoltaicos,1519SFV,2019-02-28,AVENIDA HACIENDAS EL ROSARIO NO.103 INT.301,HACIENDAS EL ROSARIO,37125,GUANAJUATO,"contacto@kiin.com.mx, emoreno@kiin.com.mx ",01 477 758 4277
CONCRETOS LOS LAURELES S DE RL DE CV,Sistemas fotovoltaicos,1852SFV,2022-12-02,LOS LAURELES S/N,SAN FRANCISCO DE ASIS,47755,Jalisco,antoniodeloerapatron@outlook.com,3336417413
CONDUMEX S.A. DE C.V.,Sistemas fotovoltaicos,1503SFV,2022-11-11,AV. PONIENTE 140 N.720 ,INDUSTRIAL VALLEJO,2300,Distrito Federal,dvalenzuela@condumex.com.mx,(55) 53289905
"CONEXION 4, S. DE R.L. DE C.V.",Sistemas fotovoltaicos,2016SFV,2023-02-03,AVE. AGUASCALIENTES PONIENTE NO. 301,PANORAMA,20040,Aguascalientes,"luviano.carlos@solarcorp.com.mx,astrid_fp@outlook.com",4491466555
"CONSTRUCCIONES HIDRAULICAS ELECTRICAS Y CIVILES, S.A. DE C.V.",Sistemas fotovoltaicos,1625SFV,2018-12-21,Calle 70 No. 452,Centro,97000,Yucatán,zurdoihe@prodigy.net.mx,01 999 923 6319
CONSTRUCCIONES MILENIUM S.A. DE C.V.,Sistemas fotovoltaicos,1718SFV,2021-10-13,REEMBOLSOS  70,POSTAL,3410,CIUDAD DE MÉXICO,c.milenium@hotmail.com,5571564985
CONSTRUCTORA ELECTRICA IA SA de CV,Sistemas fotovoltaicos,1896SFV,2018-12-21,JUAN DE LA CABADA 750 A,MORELOS,28030,Colima,CMICHEL@GRUPOELECON.COM,3123125040
CONSULTORA Y PROVEEDORA ENC SA DE CV,Sistemas fotovoltaicos,1904SFV,2021-06-03,SOLIDARIDAD 545,PUENTES DEL MEZQUITAL ,83240,SONORA,direccion@energiaenc.com,662 312 02 92 
CORDOBA INDUSTRIAL INTEGRADORES SA DE CV,Sistemas fotovoltaicos,1880SFV,2023-07-13,CALLE 25A-115,LINDAVISTA,31600,Chihuahua,mrcordova@cordovaindustrial.com,6255810918
CORPORACION ACAT SA DE CV,Sistemas fotovoltaicos,2229SFV,2022-09-23,CARRETERA ESTATAL GUADALUPE CIUDAD CUAUHTEMOC KM 1.8 103,COMPLEJO DE NAVES INDUSTRIALES LA ZACATECANA,98600,Zacatecas,corporacionacat@hotmail.com,4924913037
CORPORACION PRODECO S.A. DE C.V.,Sistemas fotovoltaicos,1935SFV,2019-05-07,BOULEVAR MIGUEL ALEMAN OTE NO.154,LAS ROSAS,35090,Durango,jmguevara@prodeco.com.mx,871-7472800
CORTEZ ENERGY SA DE CV ,Sistemas fotovoltaicos,2110SFV,2021-04-26,BLVD JOSE MARIA MORELOS No. G 307,LOMA LINDA ,83150,Sonora,carla@sahuaroenergy.com,662 3351 631
CREATECH ENERGIAS S. DE R.L. DE C.V.,Sistemas fotovoltaicos,1913SFV,2019-02-28,LAGO DE TEXCOCO 3074,LOMAS DEL BOULEVARD,80110,Sinaloa,cuzeta@ctenergias.com.mx,6441796150
DAVID REAL CORNEJO,Sistemas fotovoltaicos,1541SFV,2023-03-01,GABRIEL CRUZ DIAZ NI. 20 INT. D,BALCONES DE COSTA AZUL,39840,Guerrero,proyins_acapulco@hotmail.com,7442250308
"DESARROLLO DE ENERGIA MODERNA, S.A DE C.V ",Sistemas fotovoltaicos,1847SFV,2022-06-08,"AV. ESTADO DE PUEBLA # 1, LOCAL 1",LAZARO CARDENAS,62080,Morelos,grupoeracuernavaca@gmail.com,7773611185
DESMEX DE MEXICO SA DE CV,Sistemas fotovoltaicos,1942SFV,2022-07-29,JOSE CLEMENTE OROZCO 10093,ZONA URBANA RIO TIJUANA,22010,Baja California,viridiana.barajas@desmex.com,4777880600
DINAMICA ELECTRO INDUSTRIAL MM SA DE CV,Sistemas fotovoltaicos,1926SFV,2021-07-02,AVENIDA INSURGENTES NORTE EXTERIOR 1742 INTERIOR 202,LINDAVISTA NORTE,7300,Distrito Federal,marianamelo.dinamica@gmail.com,7444683987
DISEÑOS Y APLICACIONES SUSTENTABLES KINIK S.A. DE C.V.,Sistemas fotovoltaicos,18104SFV,2018-12-21,20 DE NOVIEMBRE  No. 133 ALTOS,JOSE CARDEL,91030,Veracruz,kiniksa1@gmail.com,01 228 200 7569
DISTRIBUIDORA DE CABLES DEL NOROESTE S.A. DE C.V. ,Sistemas fotovoltaicos,2119SFV,2021-07-02,AGUA FRIA NO. 30,SANTA FE ,83249,Sonora,juan.reyna@tecnergy.mx,662 216 1098
"DISTRIBUIDORA DE ELECTRONICA DEL SURESTE, S.A. DE C.V.",Sistemas fotovoltaicos,2301SFV,2023-02-03,62 NO. 596 X 73 Y 75,CENTRO,97000,YUCATÁN,eduardodiazlopez9@gmail.com,9991765902
DRFC INGENIERIA SA DE CV,Sistemas fotovoltaicos,1897SFV,2018-12-21,CAMINO A OCOTEPEC S/N,OCOTEPEC,62220,Morelos,ramiro.abarca@drfc.com.mx,7774166135
EB SOLUCIONES ENERGETICAS SA DE CV,Sistemas fotovoltaicos,1924SFV,2019-04-05,CALZADA PORFIRIO DIAZ 226 INT. B,REFORMA,68050,Oaxaca,marcelarojo.gpoalt@gmail.com,( 951 ) 132 50 30
ECO ENERGIA SLM SA DE CV,Sistemas fotovoltaicos,1951SFV,2021-07-02,HORACIO NELSON  NO. 14,COSTA AZUL ,39850,GUERRERO,contactosolarmex@gmail.com,74441882581
ECO HAUS S DE RL DE CV,Sistemas fotovoltaicos,1881SFV,2020-11-12,BOULEVARD LAZARO CARDENAS 6900 INTERIOR 2,LA MESA,22450,Baja California,ricardo.juncal@ecohaus.com.mx,6646084588
"ECO-ENERGIA GLOBAL VYR, S. DE R.L. DE C.V.",Sistemas fotovoltaicos,1821SFV,2022-09-06,AV. UNIVERSIDAD  NO. 3320,MAGISTERIAL UNIVERSIDAD,31200,Chihuahua,"arodriguez@eco-energia.mx, ",6144142488
ECOK IIN S.A. DE C.V.,Sistemas fotovoltaicos,1545SFV,2021-07-16,Av. JOSE LOPEZ PORTILLO No. 103 int. 6,San Antonio,24090,Campeche,"jfajardo@ecocentro.mx, jcuevas@ecocentro.mx",01 999 944 4687
"ECOLLET DEL NOROESTE, S.A. DE C.V.",Sistemas fotovoltaicos,2022SFV,2020-11-20,BLVD JOSE MARIA ESCRIBA NO.194,PASEO DE PALMAS,83105,Sonora,"jaime.grijalva@proner.mx,alam.vizcarra@proner.mx",662 3103023
ECOPULSE S.A. DE C.V.,Sistemas fotovoltaicos,1526SFV,2021-08-06,56 No. 551 INT. 2,Nucleo Dzodzil,97300,Yucatán,gferraez@ecopulse.mx,01 999 688 2513
ECUBO SOLAR SA DE CV,Sistemas fotovoltaicos,1930SFV,2019-04-15,RETORNO 17 No 29,AVANTE,4460,Distrito Federal,daniel@ecubo.mx,4772518368
EFICIENCIA ENERGETICA EN SISTEMAS ELECTRICOS S. DE R.L. DE C.V.,Sistemas fotovoltaicos,1643SFV,2021-11-26,Calle Titanio No. 7,Ciudad Industrial,63173,Nayarit,ese@hotmail.com,311 211 5353
ELECTRIBA S.A. DE C.V.,"Sistemas fotovoltaicos, Subestaciones eléctricas",1603PIA,2021-08-20,AV. LAS AMERICAS No. 700,LAZARO CARDENAS,48330,Jalisco,"electriba@hotmail.com, eunicegomezss20@gmail.com",329 296 6008
ELECTRICA MILEC S.A. DE C.V.,"Sistemas fotovoltaicos, Sistemas fotovoltaicos",1806PIA,2022-06-30,MONTEMAYOR No. 888,MELCHOR OCAMPO,32380,Chihuahua,"emilanm@milec.com.mx, emilang@milec.com.mx",16566182828
ELECTRO MAYOREO DE SINALOA SA DE CV,Sistemas fotovoltaicos,1962SFV,2019-07-31,BLVD FRANCISCO I MADERO 1649,MIGUEL HIDALGO,80090,Sinaloa,ahorro@electrisa.com.mx,6677156062
ELECTRODIESEL DE LOS MOCHIS SA DE CV,Sistemas fotovoltaicos,1916SFV,2019-03-25,ALFONSO CANO PTE 339,CENTRO,81200,Sinaloa,bernardoloose@hotmail.com,16688120077
ELI PALMA SOTO,Sistemas fotovoltaicos,2220SFV,2022-09-06,NUEVO MEXICO 8508,CAMPESTRE ARBOLADA,32409,CHIHUAHUA,eli.palma.uacj@gmail.com,6561689583
ELKON SA DE CV,Sistemas fotovoltaicos,2131SFV,2021-09-24,AVENIDA 19 NO. 264,FERNANDO GUTIRREZ BARRIOS,94297,Veracruz,gustavo.cadena@elkon.com.mx,2299351775
ENERCLIMA S DE RL DE CV,Sistemas fotovoltaicos,1984SFV,2019-11-20,BAHIA DE SANTA BARBARA 119,VERONICA ANZURES,11300,Distrito Federal,aidana.velazquez@enlight.mx,5544417466
ENERCONSULTORES S.A. DE C.V.,Sistemas fotovoltaicos,2103SFV,2021-03-29,SONORA 436,DR. NORBERTO TREVIÑO ZAPATA,87020,Tamaulipas,icarlos74@hotmail.com,834-315-4215
ENERFIX SA DE CV ,Sistemas fotovoltaicos,2217SFV,2022-07-29,AV AMERICAS  528 P. ALTA,LADRON DE GUEVARA,44600,Jalisco,jrjarero@enerfix.com,3316059758
ENERGEIA POR EL PLANETA SA DE CV,Sistemas fotovoltaicos,1925SFV,2021-08-20,FRAY ANTONIO DE MARCHENA 252,QUINTAS DEL MARQUES,76047,Querétaro,victor.linaldi@solart.mx,5559197658
ENERGIA PUEBLO SOLAR S.A. DE C.V.,Sistemas fotovoltaicos,1609SFV,2022-04-22,BLVD. PASEO RIO SONORA NORTE NO. 76 INT 303-B,PROYECTO  RIO SONORA,83270,Sonora,administracion@pueblosolar.mx,01 662 212 1523
ENERGIA RENOVABLE DE MICHOACAN  S.A. DE C.V. ,Sistemas fotovoltaicos,1527SFV,2023-08-01,CALLE MATIAS DE BOCANEGRA No. 42,EL MIRADOR DEL PUNHUATO,58249,Michoacán,"a.ruiz@energiadeamerica.mx, Jessicajacobo@hotmail.com, mleal@energiadeamerica.mx, maguuru@gmail.com, mzavala@energiadeamerica.mx, g.lopez@energiadeamerica.mx","01 443 323 1643, cel. 443 200 9794"
"ENERGIA RENOVABLE DEL CENTRO, S. DE R.L. DE C.V.",Sistemas fotovoltaicos,1622SFV,2023-06-13,CARRETERA ESTATAL 420 KM. 5.6,EL ROSARIO,76240,Querétaro,godofredo@solaresenergia.com,442 102 7048
ENERGIA SOLAR Y DESARROLLOS ECOLOGICOS  S.A. DE C.V.,Sistemas fotovoltaicos,2109SFV,2021-04-26,FERNANDO MAGALLANES NUMERO 128,FRACCIONAMIENTO COSTA AZUL,39850,Guerrero,ingenieria@solucionesecosolares.com,7444862020
ENERGIA SOLARE DE OCCIDENTE S DE RL DE CV,Sistemas fotovoltaicos,2114SFV,2021-06-03,AV. AMERICAS 1600 INT 4-A,COUNTRY CLUB,44610,Jalisco,jnaranjo@globalsolare.com,3340402127
ENERGIA SONORA PPE SC ,Sistemas fotovoltaicos,2010SFV,2020-06-26,LAS VILLAS  # 70,LAS VILLAS,85440,Sonora,ajl_ajl79@hotmail.com,622 118 44 25
"ENERGIA VERDE ALTERNATIVA, S.A.P.I. DE C.V.",Sistemas fotovoltaicos,1741SFV,2021-07-16,CERRADA 3A DE LAGO SILVERIO NO. 30,ANÁHUAC II,11320,Ciudad de México,aturok@evamexico.com,55 5203 8546
ENERGIAS SOLARES MEXICANAS SA DE CV,Sistemas fotovoltaicos,2215SFV,2022-06-30,HORACIO NELSON NUMERO 14,COSTA AZUL,39850,Guerrero,contactosolarmex@gmail.com,7441882581
ENERGIE CONSULTORES SA DE CV,Sistemas fotovoltaicos,2203SFV,2022-01-17,AYUNTAMIENTO 15 INT B 8,CENTRO,91000,Veracruz,JERNZ.JER@GMAIL.COM,2288264030
ENGSE GROUP S DE RL DE CV ,Sistemas fotovoltaicos,1740SFV,2021-09-24,JESUS REYES HEROLES 2808,VILLA VICENTE GUERRERO,44987,Jalisco,averduzco@kds.mx,3326411793
ENRIQUE VALENZUELA CABALLERO,Sistemas fotovoltaicos,1612SFV,2020-11-29,AVENIDA ZAPATA 380,BUROCRATA,83634,Sonora,isoltec.enrique@hotmail.com,01 637 372 1337
ERASOLAR DE AGUASCALIENTES SA DE CV,Sistemas fotovoltaicos,1850SFV,2020-12-08,JUAN RAMIREZ ,UNIDAD GANADERA,20130,Aguascalientes,foctaviosr@hotmail.com,4493679794
ERGOSOLAR MEXICO S.A. DE C.V.,Sistemas fotovoltaicos,1565SFV,2022-01-17,BLVD. MANUEL CABAÑAS PAVIA NO. 9-A,FRACC. AEROPARQUE,74160,Puebla,"direccion@ergosolar.mx, maricela.ramos@ergosolar.mx",01 227 271 5105
ERGYVISION S.A. DE C.V.,Sistemas fotovoltaicos,2125SFV,2021-08-06,CALLE 3 MZ D LT 42,SAN JUAN XALPA,9850,CIUDAD DE MÉXICO,jorgezaldivar@ergy.com.mx,9616912275
ESPERANZA GAZGA SALINAS,"Sistemas fotovoltaicos, Subestaciones eléctricas",2001PIA,2022-03-11,MICHOACAN 171 DEP. 2,PROGRESO,39350,GUERRERO,"laesperanza.gs@hotmail.com, isermexico@hotmail.com","7441175878, 6381097438, 6381860916"
"ETTCOM, S.A. DE C.V.",Sistemas fotovoltaicos,1938SFV,2022-02-25,AV NICOLAS GOGOL,COMPLEJO INDUSTRIAL CHIHUAHUA,31109,CHIHUAHUA,etorres@ettcom.net,6144188611
EVER REY MORIEL,Sistemas fotovoltaicos,1898SFV,2022-12-02,BLVD. ORTIZ MENA No. Ext. 118 Int. A,SAN FELIPE,31203,Chihuahua,"isi.solar@hotmail.com, proyectos.isi.solar@hotmail.com",614 511 3146
FDG AUTOMATION SA DE CV,Sistemas fotovoltaicos,1981SFV,2019-11-20,5A,LA CONCORDIA,53126,Estado de México,EDUARDO.DAPIC@FDGAUTOMATION.COM,556380 8002
FELIX JAFETH  ROCHA BAUTISTA,Sistemas fotovoltaicos,2302SFV,2023-03-01,LIBERTAD 1010,LAS BRISAS,89860,Tamaulipas,insamante2020@gmail.com,8311554563
FERNANDO CANO RUEDA,Sistemas fotovoltaicos,1846SFV,2023-04-14,Av. Adolfo Lopez Mateos 107,Guadalupe Victoria,22426,Baja California,ingfcano@gmail.com,01 664 623 9493
FERNANDO CHAVEZ MARANTO,Sistemas fotovoltaicos,1732SFV,2021-06-03,VALLE DE GUAYANGAREO  438,VALLE QUIETO,58069,Michoacán,fdochavez49@hotmail.com,4432740397
FERNANDO PEREZ ESPINOZA ,Sistemas fotovoltaicos,2304SFV,2023-04-14,AV MUÑOZ 384,JARDINES DE LA RIVERA,78250,San Luis Potosí,mauriciopem@outlook.com,4448400131
FINGER PRINT ARTIFEX S.A. DE C.V.,Sistemas fotovoltaicos,1713SFV,2021-06-18,CALLE JOSE CUETO NO. 942,LOS ÁNGELES AMPLIACIÓN,27148,COAHUILA,contacto@boltenergy.com.mx,01 871 713 4262
FLOTSSER CONSTRUCCIONES S.A. DE C.V.,"Aire acondicionado, Refrigeración, Sistemas fotovoltaicos, Subestaciones eléctricas",1802PIA,2020-07-21,SIERRA CAMPANERO No. 118,SOLIDARIDAD,83116,Sonora,"flotsser_@hotmail.com, flotsser.villanueva@gmail.com, ",01 662 118 7370
FRANCISCO ARCE ZUMARRAGA,Sistemas fotovoltaicos,1915SFV,2021-09-24,CALLE 13 NO. 305,FRACCIONAMIENTO COSTA VERDE,94294,VERACRUZ,farce@viveco.com.mx,22 9929 4174
FRANCISCO ERASMO FRANCO CHAVEZ,Sistemas fotovoltaicos,1615SFV,2021-07-16,ABOLICION DE LA ESCLAVITUD 9900 INTERIOR 3 Y 4,IGNACIO ALLENDE,31124,CHIHUAHUA,francisco.franco@astrum.org.mx,614 425 0202
FRANCISCO JAVIER BARBA OROZCO,Sistemas fotovoltaicos,1931SFV,2019-04-15,GUAYAQUIL 2424,PROVIDENCIA,44630,Jalisco,hto_razo@hotmail.com,3338547700
"FRESADO CNC Y ELECTRONICA, S.A. DE C.V.",Sistemas fotovoltaicos,1730SFV,2021-10-13,PRIVADA SUDAN  6219 - 3,AMPLIACION AEROPUERTO,32690,CHIHUAHUA,"administracion@servitronica.com.mx, enrique.aragon@servitronica.com.mx,nohemimeraz@solarpanel.com.mx",01 656 648 4474
GABRIELA MARGARITA CABRERO DAVILA,Sistemas fotovoltaicos,1940SFV,2021-12-17,LATERAL RECTA NORTE A CHOLULA NO. 4002,EX HACIENDA SANTA TERESA,72760,Puebla,gcabrero@altekenergy.com,222 604 91 38
GASADI S.A. DE C.V.,Sistemas fotovoltaicos,1514SFV,2022-02-25,CARIBE 29,AGRICOLA,45236,JALISCO,"luis.martinez@grupogasadi.com, gasadi.losmochis@hotmail.com",33 3563 4670 
GEA SOLARIS SA DE CV,Sistemas fotovoltaicos,2122SFV,2021-07-16,PERIFÉRICO PASEO DE LA REPÚBLICA 3060 INT 6,EX HACIENDA LA HUERTA,58058,Michoacán,pedro.chavez@geasolaris.com,4433273101
GECKO LOGIC MEXICO S DE RL DE CV,Sistemas fotovoltaicos,1884SFV,2020-11-22,VIA RAPIDA ORIENTE 1100 INTERIOR 5,RIO TIJUANA 3RA ETAPA,22226,Baja California,victor.sotelo@geckologicmexico.com,6642588491
GENERACION DE ENERGIA RENOVABLE DE MEXICO S.A. DE C.V.,Sistemas fotovoltaicos,1827SFV,2020-10-07,BLVD TAMAULIPAS  NO. 3228 LOC 7 ,FRACC DEL VALLE,87029,TAMAULIPAS,alejandro.mata@genergy.com.mx,834 119 0935
"GENERACION ENERGETICA SUSTENTABLE DE MEXICO, S.A. DE C.V.",Sistemas fotovoltaicos,2128SFV,2021-08-20,RUFINO TAMAYO #68,POBLADO ACAPATZINGO,62440,Morelos,gensumex.cuernavaca@gmail.com,7773611185
GERARDO BERNI MEDINA,Sistemas fotovoltaicos,1522SFV,2022-11-11,CERRADA COMERCIANTES 205,PARQUE INDUDTRIAL CHICHIMECO,20916,AGUASCALIENTES,"gberni@esolar.mx, finanzas@esolar.mx,",01 449 996 9721
GERARDO CORREA BAEZA,Sistemas fotovoltaicos,1946SFV,2019-06-27,CALLE ANTONIO RULLAN FERRER No. 217,MAYITO,86098,Tabasco,comatsaire@yahoo.com,01  993 312 5386
GERARDO IVAN CONTRERAS GAMEZ,Sistemas fotovoltaicos,1520SFV,2022-09-06,CALLE PRIMERA NO. 302 ,EL OJITAL,89364,Tamaulipas,contacto@isolar.com.mx,833 106 1056
GERMAN CRUZ HUERTA,Sistemas fotovoltaicos,1867SFV,2020-10-21,SN,ORIZABITA,42300,Hidalgo,dani7721445476@gmail.com,NINGUNO
GIRASOLVE SA DE CV,Sistemas fotovoltaicos,1882SFV,2021-03-29,VENUSTIANO CARRANZA 1003,CENTRO,67350,Nuevo León,jsalazar@girasolve.com,8126050865
GQ DISEÑO E INGENIERIA MECATRONICA ELECTRO MECANICA SA DE CV,Sistemas fotovoltaicos,1970SFV,2019-09-02,TAMARINDO DEL VALLE 133,VALLE DE LEON,37140,Guanajuato,wolfang.quintana@ingenieriaqg.com,4773303699
GREEN KIIN CONSULTORES SUSTENTABLES S.A.S. DE C.V.,Sistemas fotovoltaicos,2118SFV,2023-08-01,OBREROS DE RIO BLANCO 317,LA MAGDALENA,50010,Estado de México,"claudiagonzalez@greenkiin.com.mx, jc.vazquez@vasustentable.mx",722 826 0920
"GREEN POWER SOLUTIONS, S.A. DE C.V.",Sistemas fotovoltaicos,1978SFV,2020-06-26,JAVIER MINA #1144 SUR,CENTRO,35000,Durango,"gestion.gpowersol@gmail.com, karinacgpowersol@gmail.com",8711820608
GREENERGY ENERGIA NO CONVENCIONAL S. DE R.L. DE C.V.,Sistemas fotovoltaicos,1613SFV,2020-06-26,AV. CALZADA CENTRAL 280,CIUDAD GRANJA,45010,Jalisco,"c.ortiz@greenergy.com.mx, h.ortiz@greenergy.com.mx,",33 3070 1487
GREENGY MEXICO S.A. DE C.V.,Sistemas fotovoltaicos,2124SFV,2021-08-06,BLVD.LEYVA SOLANO 374,CENTRO,80000,Sinaloa,rcampos@greengy.com.mx,6671416222
GREENLIFE SYSTEMS SA DE CV,Sistemas fotovoltaicos,2139SFV,2021-12-17,INDEPENDENCIA SN CASA 1,MIRAVALLE,20909,Aguascalientes,ing.vidal@gmail.com,4491830181
GRUPO COYSEIN S.A. DE C.V.,Sistemas fotovoltaicos,1887SFV,2021-04-16,ISABEL LA CATOLICA No. 373,REFORMA,91919,Veracruz,info@coysein.com,01 229 960 7407
GRUPO ELECTROMULTIDISCIPLINARIO G DE TOLUCA SA DE CV,Sistemas fotovoltaicos,2211SFV,2022-06-08,DE LA ALTEZA 36,SOLIDARIDAD DE LOS ELECTRICISTAS,52168,Estado de México,ganaya570@gmail.com,7221969589
GRUPO ENERCAP SA DE CV,Sistemas fotovoltaicos,2018SFV,2022-09-23,CALZADA DEL VALLE OTE 255,DEL VALLE,66220,Nuevo León,alamo@capitalenergy.mx,8147802114
"GRUPO GOMELO, S.A. DE C.V.",Sistemas fotovoltaicos,1977SFV,2022-03-11,CALLE 10 NO. 350,SAN ROMAN,24040,CAMPECHE,grupogomelo@gmail.com,9818296372
GRUPO HOSPITALET SA DE CV,Sistemas fotovoltaicos,1886SFV,2023-06-13,MIGUEL HIDALGO 103,CENTRO,91700,Veracruz,pedro@ghgreen.com.mx,2292931397
GRUPO LEDCORP S DE RL DE CV ,Sistemas fotovoltaicos,1955SFV,2019-07-25,AV LOPEZ MATEOS 335 ,CIRCUNVALACION VALLARTA ,44680,Jalisco,edgar@brightsun.com.mx,www.brightsun.com.mx
"GRUPO LOESSA CONSULTORES, S.A. DE C.V. ",Sistemas fotovoltaicos,1899SFV,2021-09-10,MANUEL PEÑA Y PEÑA 374,CHAPULTEPEC NORTE,58260,MICHOACÁN,contacto@ecotecnia.com.mx,44331458000
GRUPO MEXSUS S.A. DE C.V.,Sistemas fotovoltaicos,1838SFV,2022-03-11,PERIFERICO PASEO DE LA REPUBLICA 2596 LOC 2,PRADOS DEL CAMPESTRE,58297,Michoacán," direccion@grupomexsus.com, annielau34@gmail.com",4433149923
GRUPO RADIOMETING SA DE CV,Sistemas fotovoltaicos,2120SFV,2021-07-16,EMILIANO ZAPATA 1001 LOCAL 12,ALVARO OBREGON,52105,Estado de México,javier@radiomet.net,7224028245
GRUPO RIMOLDI Y ASOCIADOS SC,Sistemas fotovoltaicos,1554SFV,2021-11-26,Calle Plan de San Luis  No. 1713,Mezquitan Country,44260,Jalisco,arimoldi@grya.com.mx,33 3823 2299
GRUPO SIMOSOL S.A. DE C.V.,Sistemas fotovoltaicos,1813SFV,2023-02-03,ORTÍZ MENA NO.3801,ABRAHAM GONZÁLEZ,31206,Chihuahua,jose.cabrera@simosol.com.mx,614 4332186
GRUPO T C TELE COM SA DE CV,Sistemas fotovoltaicos,1950SFV,2021-11-26,EMPRESA 146 INT. 304,EXTREMADURA INSURGENTES,3740,Distrito Federal,imarquez@grupotele.com,5554091080
GRUPO ZEOLIFE SA DE CV ,Sistemas fotovoltaicos,1901SFV,2019-01-24,ARCANGELO CORELLI 5004,PRADOS DE GUADALUPE,45030,Jalisco,cwrefrigeradores@gmail.com,3336102042
HECTOR GABRIEL QUINTERO TABARDILLO,Sistemas fotovoltaicos,2006SFV,2020-03-20,NICARAGUA 571,ESPERANZA,84060,Sonora,gabrielquintero@wattsgreen.com.mx,631 115 0989
HECTOR GERARDO NAVARRO GARCIA,Sistemas fotovoltaicos,1891SFV,2021-11-26,LAGO DE CUITZEO 197,VENTURA PUENTE,58020,Michoacán,hegenaga@yahoo.com.mx,4432731017
HECTOR MANUEL LOPEZ VELAZQUEZ,Sistemas fotovoltaicos,2308SFV,2023-08-01,SIERRA MOJADA NO. 25 B,LOMA BONITA,38610,Guanajuato,freesolar2021@gmail.com,4171601769
HELIOCOL DE MEXICO S.A. DE C.V.,"Calentadores solares, Sistemas fotovoltaicos",1601PIA,2020-08-07,BLV. TOLUCA No.14 y 16,SAN FRANSISCO CUAUTLALPAN,53370,Estado de México,"jchernicoff@heliocol.com.mx, asistenteventas@heliocol.com.mx",(55) 5576 4010
HELIOS ENERGIA SOLAR S. DE R.L. DE C.V.,Sistemas fotovoltaicos,1644SFV,2020-10-29,Juan Caballero y Osio No. 386  Int. 5,Calesa 1A Seccion,76020,Querétaro,urquizaenrique@gmail.com,01 442 234 5387
HELIOS TECNOLOGIA SOLAR S.A. DE C.V. ,Sistemas fotovoltaicos,1905SF,2019-02-07,CALZADA SAN PEDRO 223,MIRAVALLE,64660,Nuevo León,omaraguado@heliostecnologiasolar.net,8119335511
HELIOSUN SA DE CV,Sistemas fotovoltaicos,2206SFV,2022-03-11,CRUZ M VILLARREAL 3212,HIDALGO,64290,Nuevo León,l.garza@heliosun.mx,81 83 51 46 61
HOMERO OLIVARES ORTEGON,Sistemas fotovoltaicos,2107SFV,2021-04-16,BLVD HAROLD R. PAPE 801,OBRERA SUR,25790,Coahuila,"sebastianzert@gmail.com, viveco.facturas@outlook.com, ",8666320447
HV ENERGIAS SUSTENTABLES DE MEXICO SA DE CV,Sistemas fotovoltaicos,1873SFV,2020-10-29,EUCALIPTOS 316,REFORMA,68050,Oaxaca,ensumex@hotmail.com,9512060293
IDC INOVADORA Y DISEÑADORA DE CONSTRUCCION SA DE CV ,Sistemas fotovoltaicos,2003SFV,2023-02-03,NUEVA FRANCIA NO.413,PRADOS DE CUERNAVACA,62239,MORELOS,direccion.idc.inovadora@gmail.com,777 501 8313
IEGES S.A. DE C.V.,Sistemas fotovoltaicos,2012SFV,2020-06-26,TIJUANA 14,AMPLIACION REVOLUCION,60153,Michoacán,jrzramirez@hotmail.com,452 519 2493
IMPULSOR ELECTRICO S.A. DE C.V.,Sistemas fotovoltaicos,1627SFV,2022-09-06,CALLE 67 NO. 584 A,CENTRO,97000,Yucatán,jctorres@grupoimpulsor.com.mx,999 18  37 372
INBROTEK SERVICIOS S DE RL DE CV,Sistemas fotovoltaicos,2213SFV,2022-06-30,MOZART 717,OBISPADO,64060,Nuevo León,elangle@inbrotek.com,8183330365
INCOR INDUSTRIAL Y CORPORATIVE SOLUTIONS GROUP SA DE CV,Sistemas fotovoltaicos,1819SFV,2021-08-06,JOSE OBREGON 90 A,PIMENTEL,83188,Sonora,luispacheco@incorsolutions.com,662 2648885
INDUSTRIAS GUTIERREZ SA DE CV,Sistemas fotovoltaicos,1807SFV,2022-04-22,AVENIDA 8 DE JULIO 2495,ZONA INDUSTRIAL,44940,Jalisco,yamorab@depsa.com.mx,01 33 3268 2590
INGENIERIA EN SISTEMAS DE ENERGIA RENOVABLE SAPI DE CV,Sistemas fotovoltaicos,2013SFV,2021-12-17,CERRO DE LAS TORRES 136,COLINAS DEL CIMATARIO,76090,Querétaro,alejandrocp@ycsolar.mx,4422414811
INGENIERIA ENERGETICA INTEGRAL S.A. DE C.V.,"Aire acondicionado, Aire acondicionado, Aire acondicionado, Aire acondicionado, Aire acondicionado",1801PIA,2022-09-23,CALLE 32 NO. 406,SAN FRANCISCO XOCOTITLA,2960,Distrito Federal,"alfredo.aguilar@usa.net,adamealejandro@yahoo.com.mx , patriciaaimeeaguilar@gmail.com",(55) 5705 1706
INGENIERIA ENERGETICA SUSTENTABLE SA DE CV,Sistemas fotovoltaicos,2230SFV,2022-10-21,CALLE 32  #406,SAN FRANCISCO XOCOTITLA,2960,Distrito Federal,alfredo.aguilar@usa.net,5553558653
INGENIERIA Y CONSULTORIA EN RENOVABLES S.A. DE C.V.,Sistemas fotovoltaicos,1809SFV,2022-09-06,NOGAL NO. 22,ARBOLEDAS DE GUADALUPE,72260,Puebla,tordaz@proenergy.com.mx,222 4091 200
INGENIERIA Y DESARROLLO DE YUCATAN S.A. DE C.V.,Sistemas fotovoltaicos,2225SFV,2022-09-23,Calle 62 No. 309 K,Centro,97000,Yucatán,raul@riegointeligente.com,9999252491
INGENIERIA Y DESARROLLO EN ENERGIAS VERDES DE OCCIDENTE S.A. DE C.V. ,Sistemas fotovoltaicos,1604SFV,2021-09-24,PORTAL HIDALGO 17 C,CENTRO,47700,Jalisco,jcarlosimports@hotmail.com,378 712 0555
INGUANZO SA DE CV,Sistemas fotovoltaicos,1903PIA,2019-04-15,AVE HIDALGO 1001,ROSARIO,89176,Tamaulipas,eduardoinguanzo@yahoo.com,833 214 30 17 al 19
INSTALACIONES Y CONSTRUCCIONES ENERGETICAS SA DE CV,Sistemas fotovoltaicos,1965SFV,2019-08-19,101 No.414,Dolores Otero,97270,Yucatán,wilberthglez@icesureste.mx,9992862905
INSUMOS SOLARES SA DE CV ,Sistemas fotovoltaicos,1906SFV,2019-02-07,BROCA No 2605,PARQUE INDUSTRIAL EL ALAMO,44490,Jalisco,arcm@sunnergy.com.mx,3313804500
INTEGRACION DE ACCIONES ECOLOGICAS S.A. DE C.V.,Sistemas fotovoltaicos,1611SFV,2021-11-10,RUBÍ  NO. 8 INT. 6 ALTOS ,JACARANDAS,91634,Veracruz,mcervantes@grupocele.com,228 2374701
INTEGRADORES DE SOLUCIONES SOLARES S.A. DE C.V.,Sistemas fotovoltaicos,1980SFV,2022-03-11,LAS FLORES 106 A,JARDINES DE JEREZ,37530,GUANAJUATO,"federicovillalobosp@heliomex.com.mx, jaimemontesdeoca@heliomex.com.mx",4772111070
INTELIGENCIA EN AHORRO DE ENERGIA SA DE CV,Sistemas fotovoltaicos,2222SFV,2022-09-06,CALLE 2 NO. 5,LA VICTORIA,83304,Sonora,info@psenergia.com.mx,6622672381
INTELIPROYECTOS SUSTENTABLES DE OCCIDENTE S DE RL DE CV ,Sistemas fotovoltaicos,1928SFV,2023-03-01,VOLCAN DEL COLLI  2197,EL COLLI URBANO 1a SECCION,45070,Jalisco,josemanuel@zunne.mx,3331713049
INTERTEC ENERGIA SA DE CV,Sistemas fotovoltaicos,1968SFV,2022-06-08,QUETZALCOATL 100,AZTECA,34190,Durango,jp_torresala01@hotmail.com,6188264508
"INVENTIVE POWER, SAPI DE CV ","Calentadores solares, Sistemas fotovoltaicos",2002PIA,2020-06-26,CALLE VOLCAN COFRE DE PEROTE NO. 5189- A,EL COLLI URBANO,45070,Jalisco,angel.mejia@inventivepower.com.mx,01 33 1371 3125
IONE INTEGRAR Y OPTIMIZAR NUESTRA ENERGIA SA DE CV,Sistemas fotovoltaicos,1973SFV,2019-09-27,AV. 20 DE NOVIEMBRE 207 LOCAL 2,CAZONES,93230,Veracruz,ichew@ione.com.mx,7821606430
IRVING YUDEL GARCIA PEREZ,Sistemas fotovoltaicos,1706SFV,2021-04-16,CALLE PARQUE ESPAÑA  No. 249,BUENOS AIRES,64800,Nuevo León,irvingyudel@msn.com,01 81 2230 9010
"ISOLTEC DEL DESIERTO ,S. DE R.L. DE C.V.",Sistemas fotovoltaicos,2224SFV,2022-09-23,CALLE OBREGON 61 PTE,HEROICA CABORCA CENTRO,83600,SONORA,"isoltec.hernan@hotmail.com,",6373728244
ITENERGY DE MEXICO S.A. DE C.V.,Sistemas fotovoltaicos,1874SFV,2021-03-12,MONTECITO 38 INT. 15-10,NAPOLES,3810,Distrito Federal,rvelazquez@itenergy.com.mx,55 90011833
J. LUCIO FAUSTINO GRAJEDA VILLA,"Aire acondicionado, Sistemas fotovoltaicos",1805PIA,2021-02-05,JOSE GUADALUPE ZUNO NO. 537,CTM INFONAVIT,48318,Jalisco,faustinograjeda@gmail.com,322 29 34076
JACOB AND JACOB S.A. DE C.V.,Sistemas fotovoltaicos,1537SFV,2020-03-10,Gutenberg 230,Anzures,11590,Ciudad de México,jacob@prodigy.net.mx,5552500884
JAIME ARMANDO DE LA MORA ANGUIANO,Sistemas fotovoltaicos,2011SFV,2020-06-26,IGNACIO SANDOVAL 515 B,CENTRO,28000,Colima,materialeselectricosdecolima@gmail.com,312 3304517
JAVIER COLIN HERNANDEZ,Sistemas fotovoltaicos,1953SFV,2019-07-25,CARMELINO DELGADO 125,AMPL PERIODISTA,25080,Coahuila,coinsa31@gmail.com,8442584646
JAVIER TELLEZ ROBLES,Sistemas fotovoltaicos,2134SFV,2021-09-24,3 PONIENTE 316 D,BARRIO SAN JOSE,75150,Puebla,javier@fvsolar.com.mx,2491269281
JESUS ANTONIO CAMARA GRIMALDO ,Sistemas fotovoltaicos,1966SFV,2022-02-25,14 NO. 109,GARCIA GINERES,97070,YUCATÁN,chuchogrimaldo@hotmail.com,9993500711
JESUS COSIO SAINZ,Sistemas fotovoltaicos,1956SFV,2022-10-21,NORTE NO. 322,ZONA NORTE,85040,Sonora,hervesarmiento@hotmail.com,4186249
JIDOKA AUTOMATIZACION Y ENERGIA SA DE CV,Sistemas fotovoltaicos,1875SFV,2021-09-24,ARMANDO DEL CASTILLO FRANCO 418,PARQUE INDUSTRIAL LAGUNA,35078,Durango,a.avalos@jidoka.com.mx,8711750107
JORGE GERARDO ALDRETT MARQUEZ,Sistemas fotovoltaicos,1841SFV,2022-12-02,XINANTECATL 914-3,XINANTECATL ,52169,Estado de México,jorge@abcsolar.com.mx,01 722 118 3148
JOSE ALBERTO SARDA CUE,Sistemas fotovoltaicos,2005SFV,2020-03-20,PRIVADA IGNACIO ZARAGOZA  1208,ADOLFO LOPEZ MATEOS,72240,Puebla,fibrasmx@hotmail.com,2222356333
JOSE ALFARO VILLANUEVA,Sistemas fotovoltaicos,1853SFV,2021-09-10,BAHIA DE ACAPULCO 18 INT A,LA PEÑITA DE JALTEMBA CENTRO,63720,NAYARIT,jalfarov84@gmail.com,3272740219
JOSE CARLOS ESCOBOSA VERDUGO,Sistemas fotovoltaicos,1957SFV,2019-07-25,PISA NO. 5179,STANZA TOSCANA,80050,Sinaloa,isi_escobosa@hotmail.com,6674555982
JOSE GUADALUPE CARRILLO MARTINEZ,Sistemas fotovoltaicos,2214SFV,2022-06-30,SIN NOMBRE SIN NUMERO,EJIDO AMPLIACION DEL REFUGIO,87230,TAMAULIPAS,jose.gpe.carrillo.21@gmail.com,8342736121
JOSE IGNACIO JAVIER ALVAREZ ACERO,Sistemas fotovoltaicos,1949SFV,2019-07-12,AV. 5 DE FEBRERO #795 LOCAL 7,LA SIERRITA,76137,Querétaro,orto-solar@outlook.com,4422133376
JOSE LADISLAO SERRANO ANDRES,Sistemas fotovoltaicos,2307SFV,2023-08-01,LANGOSTINO 44,RODEO DE LA PUNTA,63110,Nayarit,ladislaos@live.com,3112181027
JOSE LUIS AMEZCUA CARVAJAL,Sistemas fotovoltaicos,2204SFV,2022-02-25,FRANCISCO GONZALEZ BOCA NEGRA 237,GUADALUPE VICTORIA,48317,JALISCO,luis.amezcua@disoler.mx,3223799080
JOSE SANTIAGO CARDENAS SAENZ,Sistemas fotovoltaicos,1812SFV,2020-11-18,CALLE 27 A  No. 1708 INT.B,SANTO NIÑO,31200,Chihuahua,mexico.solar@hotmail.com,614 165 0603 
JUAN CARLOS CASTILLO ROBLEDO,Sistemas fotovoltaicos,1948SFV,2021-10-13,AVENIDA VILLA DEL SOL  432,FRACCIONAMIENTO HACIENDA DE LOS MORALES,78438,San Luis Potosí,juancarloscastillo@castillosolar.com,4445355561
JUAN CARLOS PEREZ AMEZCUA,Sistemas fotovoltaicos,2102SFV,2023-07-13,BLVD. BUGAMBILIAS No. 2661 ,BUGAMBILIAS,45238,Jalisco,zonasolarmx@gmail.com,3315147404
JUAN MANUEL GOMEZ ESPARZA,Sistemas fotovoltaicos,1985SFV,2019-11-20,ESCUADRON 201,NUEVO AEROPUERTO,89337,Tamaulipas,CYPEM2015@GMAIL.COM,8331324692
JUAN OZIEL PASILLAS ORTIZ,Sistemas fotovoltaicos,2121SFV,2021-07-16,45,FRACCIONAMIENTO VIRREYES,58245,Michoacán,ozielortiz84@gmail.com,4142196670
KEYMEX SOLAR SAPI DE CV,Sistemas fotovoltaicos,2205SFV,2022-03-11,PRIVADA POTRERO DEL POZO,MISION DEL CARMEN,37296,Guanajuato,altosbajio2@gmail.com,4771945376
KLINIS S.C.,Sistemas fotovoltaicos,1982SFV,2022-09-23,PASEO OPERA NO.9 LOCAL E-5,LOMAS DE ANGELOPOLIS,72830,Puebla,klinisenergy@gmail.com,2216526928
LATITUD SOLAR DE MEXICO SAPI DE CV ," Diagnósticos energéticos integrales, Sistemas fotovoltaicos",1808PIA,2020-11-29,CALZADA DE LOS ANGELES 116A,CIUDAD GRANJA,45010,Jalisco,leonardo@energytec.com.mx,3336339362
LE-SOL-AR S.A. DE C.V.,Sistemas fotovoltaicos,1562SFV,2021-10-13,CALLE SARGENTO LUCIANO PONCE NO. 302 INT. B,PRADOS DEL SUR,20280,AGUASCALIENTES,"aleal@lesolar.com.mx, ing.fernandoglez@gmail.com",01 449 175 4037
LIDIA AZUCENA CORONADO DURAZO,Sistemas fotovoltaicos,2202SFV,2022-01-17,OTOMANO 59,PUERTA REAL RESIDENCIAL,83177,Sonora,"lidiacoronadodurazo@gmail.com, climasdelpitic@hotmail.com",6621078834
LIEVA INGENIERIA SERVICIOS Y SUMINISTROS ELECTRICOS S DE RL DE CV,Sistemas fotovoltaicos,1929SFV,2019-04-15,MEXICO N. 173,3 DE MAYO,62760,Morelos,isse.lieva@gmail.com,7771823676
LOGICA GLOBAL POSITIONING SYSTEM SA DE CV ,Sistemas fotovoltaicos,18100SFV,2018-12-21,VOLCAN ZACATECAS 2257,EL COLLI URBANO,45070,Jalisco,mlango@intralix.com,3336302780
LUIS ALBERTO ANDRADE CHAVEZ,Sistemas fotovoltaicos,2221SFV,2022-09-06,BAHIA DE SAN QUINTIN , RINCONADAS DE LA SIERRA,31124,Chihuahua,soland.energiasolar@gmail.com,6144378452
LUIS CARLOS DOMINGUEZ ROBLES,Sistemas fotovoltaicos,1831SFV,2021-09-24,CRISTOBAL DE ONTIVEROS No. 4018,SAN FRANCISCO,31115,Chihuahua,innovasolenergia@gmail.com,614 455 8392
LUIS MANUEL SANCHEZ IBARRA,Sistemas fotovoltaicos,1834SFV,2023-02-03,AMERICA 606,BRAVO,26030,Coahuila,enersolmx@gmail.com,8448804973
LUVERPRO SA DE CV,Sistemas fotovoltaicos,1954SFV,2022-10-21,INSURGENTES SUR 1431 PISO 10 INT A,INSURGENTES MIXCOAC,3920,Distrito Federal,"billy.sandoval@luverpro.com, ventas@luverpro.com",951 561 5792
LUX ENERGY INGENIERIA EN ENERGIAS RENOVABLES SA DE CV,Sistemas fotovoltaicos,2019SFV,2020-10-21,PRIVADA CHABACANOS No.  1,EL CARMEN,72850,Puebla,lux.energy.proyectos@gmail.com,2223016016
MAGA INSTALACIONES Y PROYECTOS ELECTRICOS SA de CV,Sistemas fotovoltaicos,2216SFV,2022-07-29,YACATAS 369,NARVARTE,3020,Distrito Federal,magallardo@maga.com.mx,55 5932 2916
MARCOS JAVIER CASTRO FIERRO,Sistemas fotovoltaicos,1967SFV,2021-03-29,AQUILES SERDAN ORIENTE NO. 965,TABACHINES UNO,81257,SINALOA,refrigeracion_serdan@hotmail.com,01 668 811 0588
MARIA DE LA LUZ GANDARILLA MARTINEZ,Sistemas fotovoltaicos,2137SFV,2021-10-29,REYNA FABIOLA 753 SUR,VILLA DEL REAL,80247,SINALOA,systec.solar@hotmail.com,6672096115
MARIA DE LOS REMEDIOS GIL VALLE,Sistemas fotovoltaicos,1944SFV,2019-06-27,EL PINO S/N,2 DE ABRIL,50450,Estado de México,igonzalez@gygsolar.com,7222137580
MARIA GUADALUPE FLORES VAZQUEZ,Sistemas fotovoltaicos,2218SFV,2022-07-29,VICENTE GUERRERO 172,HUATABAMPO CENTRO,85900,Sonora,servicioselectricos1@hotmail.com,6471153665
MARIO ANDRES CRUZ ORTEGA,Sistemas fotovoltaicos,2138SFV,2021-10-29,5 DE MAYO No. 309 Int. A y C,CENTRO,95700,Veracruz,cruz@efcuantum.com,294 1050 366
MARSAM SOLUCIONES AMBIENTALES S.A. DE C.V.,Sistemas fotovoltaicos,1832SFV,2020-10-29,GENERAL CANO No. 27 PISO 1,SAN MIGUEL CHAPULTEPEC,11850,Distrito Federal,info@marsamsolar.com  mehm@marsamsolar.com  ,(55) 5272 1633
MAS NEGOCIOS Y DESARROLLOS SA DE CV,Sistemas fotovoltaicos,2219SFV,2022-09-06,AVENIDA BENITO JUAREZ 217 SUR,ZONA CENTRO,81400,Sinaloa,alfredo@torke.com.mx,66737324515
"MLB TECHNOLOGIES, S.A. DE C.V.",Sistemas fotovoltaicos,1947SFV,2021-08-06,AV. PASEO DE LOS LEONES 1663,LAS CUMBRES 1 SECTOR,64610,NUEVO LEÓN,info@greenlux.com.mx,8120819312
MULTISERVICIOS VALLE DEL TANGAMANGA SA DE CV,Sistemas fotovoltaicos,1975SFV,2019-10-24,Boca Negra 406 F,Centro,78700,San Luis Potosí,comercializacion@multivalle.com.mx,8334398722
NEGOCIOS RENOVABLES INTELIGENTES SA DE CV,Sistemas fotovoltaicos,2201SFV,2022-01-17,MONTES URALES 460 PISO 3,LOMAS DE CHAPULTEPEC III SECCION,11000,Distrito Federal,jareynes@gdragon.com.mx,55 8537 4400
NOE CANALES SOLIS,Sistemas fotovoltaicos,2227SFV,2022-09-23,PASEO VILLISTAS OTE 61,TORREMOLINOS,45130,Jalisco,irving.gyek@gmail.com,3334078236
"NOTEND TECHNOLOGY GROUP, S.A. DE C.V.",Sistemas fotovoltaicos,2017SFV,2020-09-17,PRIMAVERA NO. 75,SANTA ANA TEPETITLÁN,45230,Jalisco,carlos.cortes@notend.com.mx,3319846987
OCTAVIO LARIOS AVILA,Sistemas fotovoltaicos,1907SFV,2019-02-07,CIRCUITO MONTE DE  SANTA ELENA 83,RINCON DEL PARAISO,58096,Michoacán,octaviolarios@elec.mx,4434101511
ODG ENERGY SAPI DE CV,Sistemas fotovoltaicos,2231SFV,2022-10-21,PASEO DEL CRISTO 1292 INTERIOR LOCAL 5,CLUB DE GOLF EL CRISTO,74293,Puebla,omar.soto@odgenergy.mx,2444456666
OSCAR AXEL RUIZ NIETO,Sistemas fotovoltaicos,2113SFV,2023-08-01,JUAN ANDREW ALMAZAN 536,OCHO CEDROS,50170,Estado de México,contacto@runisun.mx,7222778919
OSCAR RAMIREZ SANCHEZ,Sistemas fotovoltaicos,1912SFV,2019-02-28,PASEO LAZARO CARDENAS 443 C,FERROCARRILERA,60150,Michoacán,contacto.solinnova@gmail.com,4521217876
"OSOLEC, S.A. DE C.V.",Sistemas fotovoltaicos,2014SFV,2022-09-06,AV SAN LUIS POTOSI NO. 141,5 DE MAYO,83010,Sonora,jorgeothon@osolec.com,662 2130 777
PAULINO GERMAN OLIVAS,Sistemas fotovoltaicos,1911SFV,2021-12-17,PERIMETRAL No. 1668 Local 13,CASA BONITA,83177,Sonora,direccion@pgdistribuciones.com,662 177 1459
PEDRO JOSE LOPEZ MARTINEZ,Sistemas fotovoltaicos,2116SFV,2021-06-18,AVENIDA LUIS DONALDO COLOSIO # 5,SAN JOSE,24040,Campeche,contacto@sunnyca.mx,9811687859
PERLA BEATRIZ GONZALEZ GUTIERREZ,Sistemas fotovoltaicos,1617SFV,2021-09-10,PERAS 455,RINCON DE SAYAVEDRA,25207,Coahuila,perla.gonzalez@energysavermx.com,844 439 8664
PLANTAS SOLARES S.A. DE C.V.,Sistemas fotovoltaicos,1524SFV,2019-07-25,YUCATAN ENTRE OAXACA Y JALISCO 3415,DOMINGO CARBALLO FELIX,23070,Baja California Sur,orozco@plantassolares.com.mx,6121254151
POTENCIA CONTROL Y DISTRIBUCION S.A. DE C.V.,Sistemas fotovoltaicos,1890SFV,2021-06-18,PALENQUE NO. 647,CALICHAL,29026,CHIAPAS,dmora@pcdingenieria.com.mx,01 961 125 0103
PRODUCTOS SUSTENTABLES DE MEXICO S.A. DE C.V.,Sistemas fotovoltaicos,1725SFV,2020-03-20,RIO USUMACINTA NO. 206 A,HIDRAULICA,98060,Zacatecas,esalas@thegreenhomecenter.com,01 492 921 0391
PRODUCTOS Y EQUIPOS TROPICALES SA DE CV,Sistemas fotovoltaicos,1971SFV,2019-09-02,CALLE 53 # 29 ENTRE 12 Y 14,CENTRO,24000,Campeche,cct2408@hotmail.com,9818163418
PROMODALI SA DE CV ,Sistemas fotovoltaicos,1920SFV,2019-04-05,COMONFORT 245 B,SANTA MARIA TEQUEPEXPAN,45601,Jalisco,a.valdez@promodali.com.mx,3322587140
PROVEEDORA DE CONSUMIBLES DE DURANGO S.A. DE C.V.,Sistemas fotovoltaicos,1640SFV,2023-08-01,BOULEVARD FELIPE PESCADOR ORIENTE NO.  408,VICTORIA DE DURANGO CENTRO,34000,Durango,durango@prodeco.com.mx,01 618 835 1000
PROVEEDORA E IMPORTADORA VALAN SA DE CV,Sistemas fotovoltaicos,2140SFV,2021-12-17,MANUEL ZAZUETA CUBILLAS 135,FUENTES DEL CENTENARIO,83250,Sonora,mario.valdez@pivalan.com,6622121435
"PROYECTOS DE MODERNIZACION INTELIGENTE, S.C.",Sistemas fotovoltaicos,1624SFV,2022-04-22,RAMON LOPEZ HASS 53A,LA PRIMAVERA,80300,SINALOA, ccons@inventum.com.mx,6677165045
PROYECTOS INDUSTRIALES Y TECNOLOGICOS DE COAHUILA S.A. DE C.V.,"Aire acondicionado, Aire acondicionado",2003PIA,2023-02-03,CALLE MARIANO ABASOLO  3788,ALPES,25270,Coahuila,mario.davila@pitec.mx,8444167387
PROYECTOS Y CONSTRUCCIONES TECNO ELECTRICAS SA DE CV,Sistemas fotovoltaicos,1979SFV,2019-11-01,CALLE JOSE MARIA MORELOS Y PAVON 203,ATASTA DE SERRA,86100,Tabasco,tecnoelectrica94@yahoo.com.mx,993 354 32 48
"PROYECTOS Y SERVICIOS ESPECIALES, S.A. DE C.V.",Sistemas fotovoltaicos,1510SFV,2022-09-06,FRANCISCO I. MADERO NO. 1409 PLANTA BAJA,MARIA DE LA PIEDAD,96410,Veracruz,acarvallob@proseres.com.mx,921 2149 642
RAJEA ENERGY SOLUTIONS S. DE R.L. DE C.V.,Sistemas fotovoltaicos,2111SFV,2023-08-01,AV. PUEBLA NO. 502 LOC .9,PALMA SOLA ,93320,Veracruz,ventaspozarica@cormexsolar.com,7828240781
RAMÓN ALBERTO GALLEGO CHENO,Sistemas fotovoltaicos,2002SFV,2021-11-26,SIERRA MURRIETA 115,LOMA LINDA,83150,SONORA,soporte@gchingenieria.com.mx,66 21 28 23 08
RAUL GUADALUPE BELMONTE GONZALEZ,Sistemas fotovoltaicos,2130SFV,2021-09-10,OCCIDENTAL NO.35,CENTRO,82400,Sinaloa,it@belmont-solutions.com,6951123718
RAYPP S.A. DE C.V.,Sistemas fotovoltaicos,1843SFV,2020-11-18,TOMASA ESTEVES No. 1013,ALAMITOS,78280,San Luis Potosí,GRUPORAYPP@YAHOO.COM.MX,4448154136
"RECESUR, S.A DE C.V.",Sistemas fotovoltaicos,1927SFV,2023-08-01,CALLE 49-A NO. 415,FRANCISCO DE MONTEJO,97203,Yucatán,joseluis@solarek.com.mx,9999812876
RED DE INGENIEROS PROFESIONALES CONSTRUCTORES Y CONSULTORES SA DE CV  ,Sistemas fotovoltaicos,1879SFV,2021-04-26,GAVIOTAS II CONDOMINIO 18 CASA 17 RUBI,LLANO LARGO,39906,Guerrero,arcedelpila@hotmail.com,"(74)44316087, (55)85766729, (55)6267 2775"
REFRI PAC SA DE CV,Sistemas fotovoltaicos,1922SFV,2019-04-05,GABRIEL LEYVA 174 NTE,CENTRO,81200,Sinaloa,REFRIPAC.SIN@HOTMAIL.COM,668 818 5577
REFRIAHORRO S.A. DE C.V.,"Aire acondicionado, Refrigeración, Sistemas fotovoltaicos",1502PIA,2020-12-15,CALLE 9NA. 1292-10,OBRERA,22830,Baja California,edalizal@gmail.com,646 176 4776
REINMEX SA DE CV,Refrigeración,1901SR,2019-06-05,INDUSTRIA GALLETERA 129,ZAPOPAN INDUSTRIAL NORTE,45130,Jalisco,gvelazquez@reinmex.net,01 3336991410
RENEWABLE SCIENCE S DE RL DE CV,Sistemas fotovoltaicos,1960SFV,2019-07-25,JUAREZ 1288 INTERIOR 3,OBRERA,22830,Baja California,info@solarsc.mx,6469770638
REVOLUCION SOLAR DEL SURESTE SAPI DE CV,Sistemas fotovoltaicos,2232SFV,2022-10-21,CARRETERA A TEMOZON NORTE TAB 23413 D7,TEMOZON NORTE,97300,Yucatán,andres@sonidey.com,9992427329
RICARDO FERNANDEZ LORDA,Sistemas fotovoltaicos,1848SFV,2021-10-29,ALMENDROS 102,TORREON JARDIN,27200,COAHUILA,ricardo.fernandez@ensoenergia.com,8717138642
RICARDO JIMENEZ HERNANDEZ,"Sistemas fotovoltaicos, Subestaciones eléctricas, Bancos de capacitores",1804PIA,2020-08-07,PRIVADA DE PROLONGACIÓN  SURCOS LARGOS N° 22 A 3,SAN FRANCISCO TUTLA,71242,OAXACA,oaxsol7@gmail.com,(951) 5177099
ROBELL INDUSTRIAL SA DE CV,Sistemas fotovoltaicos,18102SFV,2018-12-21,CUMBRES DE ACULTZINGO  169,LOS PIRULES,54040,Estado de México,aroman@robell.mx,5570954600
RODEKA DEL SURESTE S.A. DE C.V.,Sistemas fotovoltaicos,1703PIA,2021-12-17,"CALLE 32A, NO. 510 POR 9 Y 9A",MAYA,97134,YUCATÁN,"er.salinas@hotmail.com, creditoycobranzarodeka@hotmail.com",999 254 6806
RODOLFO CARRO LOPEZ,Sistemas fotovoltaicos,2233SFV,2022-11-11,3A PRIVADA GLEZ GATICA,ALTA VISTA DE JUAREZ,69005,Oaxaca,rodolfo_carro@hotmail.com,
RODOLFO OROZCO SANCHEZ,Sistemas fotovoltaicos,2108SFV,2021-04-16,BOULEVARD LAZARO CARDENAS 781,POPULAR,59040,Michoacán,macomich.refacciones@hotmail.com,3535324934
ROSA MARIA PEREZ TORRES,Sistemas fotovoltaicos,1639SFV,2021-04-26,CALZADA LA FUENTE No.  2219,EL COLORIN,60120,Michoacán,salvador_2111@hotmail.com,01 452 111 4207
SAHIRO ENERGIA QUE TRANSFORMA SA DE CV,Sistemas fotovoltaicos,1923SFV,2019-04-05,AVENIDA VENUSTIANO CARRANZA 339 PTE,CENTRO,81200,Sinaloa,josue640822@hotmail.com,6688125665
SALVADOR ALEJANDRO ALVAREZ GONZALEZ,Sistemas fotovoltaicos,1712SFV,2021-02-26,CARRETERA ZAMORA MORELIA KM 3,LOMAS DE CHAPARACO,59700,Michoacán,sun-tec@hotmail.com,01 351 512 0189
SALVADOR SALAZAR IBARGÜEN,Sistemas fotovoltaicos,1511SFV,2022-09-06,PASEO CAPULINES NO. 11 LT. 83 MZ 51,AMPLIACIÓN BUGAMBILIAS ,62577,Morelos,ssalazar@tecnologia-alternativa.com,777 243 0930
SARA ELIA HERRERA GONZALEZ,Sistemas fotovoltaicos,1943SFV,2019-06-05,FELIX MENDELSSOHN  5627,RESIDENCIAL LA ESTANCIA,45030,Jalisco,proyectos@sarsasunlight.com,www.sarsasunlight.com
SAYCE INGENIERIA SOLAR S DE RL DE CV,Sistemas fotovoltaicos,1542SFV,2020-10-29,BASILIO VADILLO 281,SAN JUAN BOSCO,44730,Jalisco,roy@saycemx.com,13333303011
"SCAEE SISTEMAS DE CONTROL Y AUTOMATIZACIÓN, S.A. DE C.V.",Sistemas fotovoltaicos,1628SFV,2022-10-21,QUERETARO NO. 320,CUAUHTEMOC,85110,Sonora,administracion@scaee.com.mx,6444153975
SCHNEIDER ELECTRIC MEXICO SA DE CV,Motores eléctricos,FEE2101,2021-09-24,AV. JAVIER ROJO GÓMEZ #1121 A,GUADALUPE DEL MORAL,9300,Distrito Federal,daniel.cruz@se.com,5533339507
SCIME INGENIERIA SA DE CV,Sistemas fotovoltaicos,2009SFV,2022-06-08,CARRIL DE SAN CRISTOBAL 126,SAN SALVADOR CHACHAPA,72990,Puebla,scimeing@gmail.com,2222866027
SELMY CATALINA LOPEZ PADILLA,Sistemas fotovoltaicos,1932SFV,2022-03-11,PEDRO RAMIREZ 5,HOGARES DEL BATAN,45190,Jalisco,"selmy_lp@sintec-gdl.com.mx, selmy_lp@hotmail.com",3338058392
SERGIO MANUEL CASARES ESQUIVEL,Sistemas fotovoltaicos,1719SFV,2019-11-01,CARRETERA ESTATAL PROGRESO DZITYA KM3 MARGEN IZQUIERDO PARCELA 1132,DZITYA,97206,Yucatán,scasares@solarzone.com.mx,01 999 941 2040
SERVICIOS ELECTROMECANICOS DEL NORESTE SA DE CV,Sistemas fotovoltaicos,1933SFV,2019-05-07,RIO COATZACOALCOS 225,LOS MANANTIALES,25298,Coahuila,gruposensa@gruposensa.com.mx,8444159691
SERVICIOS INTEGRALES EN IRRIGACION Y CONSTRUCCION SA DE CV,Sistemas fotovoltaicos,2020SFV,2020-10-21,AV JOSE MARIA GONZALEZ DE HERMOSILLO  Ext 2350,LOS FRENOS,49000,Jalisco,admonmorelos33@gmail.com,7311704089
SERVICIOS PORTUARIOS PAJARITOS S.A. DE C.V.,Sistemas fotovoltaicos,1633SFV,2023-02-03,AV. TRANSISTMICA KM 7,VILLAS DEL SUR,96566,VERACRUZ,"info@solennia.mx, rodolfo.cabello@solennia.mx, solennia.invitado@gmail.com ",8009531504
SERVICIOS Y COMERCIOS MEXICANOS S.A. DE C.V.,Sistemas fotovoltaicos,1517SFV,2021-03-12,AV TORRES MIRANDA NO. 804  ALTOS,UNIDAD MODELO,89367,Tamaulipas,framol@prodigy.net.mx / juliog@secomexsa.com / jorgegarciad@prodigy.net.mx/ scmxsolar@gmail.com,01 833 2284342
SHOENE SAS DE CV,Sistemas fotovoltaicos,2115SFV,2021-06-18,AV HOMERO 144 INT 2,VALLARTA SAN JOSE ,44690,Jalisco,srizzo@shoene.mx,3335698117
SIGMA COMERCIO Y CONSULTORIA S.A. DE C.V.,Sistemas fotovoltaicos,1507SFV,2021-09-10,AVENIDA CRISTOBAL COLON No 16907,OTRA NO ESPECIFICADA EN EL CATALOGO,31137,Chihuahua,pcastro@sigmacc.mx,6141790232
SISTEMAS DE RESPALDO DE ENERGIA SA DE CV,Sistemas fotovoltaicos,2104SFV,2021-03-29,RIO TIBER 99  INT. 603,CUAUHTEMOC,6500,Distrito Federal,fzarate@respaldodeenergia.com.mx,5541960001
SMART PV SA DE CV ,Sistemas fotovoltaicos,1974SFV,2022-04-22,VOLCAN VESUBIO No. 4607,COLLI URBANO 1RA SECCION,45070,Jalisco,re@smartpv.mx,3320169743
SOL Y AHORRO SUSTENTABLE SA DE CV ,Sistemas fotovoltaicos,1936SFV,2023-02-03,CARRETERA TEPA ARANDAS 27 A,CENTRO,47700,Jalisco,admin@solyahorro.com,378 712  2636
SOLAR ARENAS ENERGIA RENOVABLE S.A. DE C.V.,Sistemas fotovoltaicos,1883SFV,2020-11-22,C. EUSEBIO CASTILLO ZAMUD,CENTRO,86000,TABASCO,info@solararenas.com.mx,01 993 315 6398
"SOLAR INTERCOM, S.A.P.I. DE C.V. ",Sistemas fotovoltaicos,1934SFV,2020-10-29,AV. NACIONES UNIDAS NO. 7275,LOMAS DEL VALLE,45129,Jalisco,alfredo@allessolar.com,3629315051
SOLARA INDUSTRIES SA DE CV,Sistemas fotovoltaicos,2023SFV,2020-12-03,AVENIDA PARQUE VIA 518 A,SANTA ANITA,20169,Aguascalientes,customerservice@solara-industries.com,4492042432
SOLAREASY S.A. DE C.V.,Sistemas fotovoltaicos,1969SFV,2022-10-21,CEDROS 162,LAS ARBOLEDAS,29030,Chiapas,ventas.solareasy@hotmail.com,9616127719
SOLARIS RENEWABLES DE MEXICO S DE RL DE CV,Sistemas fotovoltaicos,1826SFV,2019-12-12,BLVD. GARCIA MORALES 785 A,EL LLANO,83210,SONORA,mromero@solarisren.com,662 1189993
SOLARMICH SA DE CV,Sistemas fotovoltaicos,2212SFV,2022-06-30,AVENIDA LAZARO CARDENAS 2919 1,CHAPULTEPEC NORTE,58260,Michoacán,solarmich@hotmail.com,4433145757
SOLARVATIO S.A. DE C.V.,Sistemas fotovoltaicos,1709SFV,2021-07-16,CALZADA DEL PANTEON NO. 911,SAN FELIPE DEL AGUA,68020,OAXACA,rosario.reyes@solarvatio.com,"01 951 516 7389, 01 951 428 57"
"SOLEN DE MEXICO, S.A. DE C.V.",Sistemas fotovoltaicos,1645SFV,2021-09-24,MANUEL AVILA CAMACHO NO. 2322,SANTA MARIA,27020,Coahuila,solendemexico@gmail.com,01 871 793 2631
"SOLER INGENIERIA Y PROYECTOS SUSTENTABLES, S.A. DE C.V.",Sistemas fotovoltaicos,1752SFV,2022-11-11,CALLE 6 NO. 369-B,DIAZ ORDAZ,97130,YUCATÁN,"j.gutierrez@solarica.mx, m.vazquez@solarica.mx",9994458704
SOLFUTURO S.A. DE C.V.,Sistemas fotovoltaicos,1569SFV,2018-12-21,AV. INSURGENTES No. 5313,2DA BUROCRATA,32340,Chihuahua,jesus@solfuturo.com.mx,01 656 324 1254
SOLSKEN DE MEXICO S.A. DE C.V.,Sistemas fotovoltaicos,1561SFV,2021-06-18,AV ADOLFO LÓPEZ MATEOS NTE 95 INT PISO 26-102,ITALIA PROVIDENCIA,44648,JALISCO,"miguel_nino@solsken.com.mx, ventas@solsken.com.mx,",01 33 3165 0259
SOLUCIONES DE AHORRO VERDE SA DE CV,Sistemas fotovoltaicos,1952SFV,2021-08-06,AVENIDA ACUEDUCTO #15,SAN LUCAS XOCHIMANCA,16300,Ciudad de México,ocanaps@savesolar.com.mx,5521563287
SOLUCIONES EMPRESARIALES RENTABLES SAPI DE CV,Sistemas fotovoltaicos,1871SFV,2020-11-18,PUEBLA 387 PISO 2,ROMA NORTE,6700,Distrito Federal,comercial@sergrupo.com,5565867294
SOLUCIONES EN CONTROL Y SISTEMAS INDUSTRIALES S.A. DE C.V.,Sistemas fotovoltaicos,2112SFV,2023-08-01,13 DE SEPTIEMBRE #12  INT 201,NIÑOS HERORES,76010,Querétaro,"esanchez@scosi.mx, evazquez@scosi.mx",4422161170
SOLUCIONES ENERGETICAS ARIES S DE RL DE CV ,Sistemas fotovoltaicos,1908SFV,2021-09-10,TEPEYAC 1643 ,MARIANO OTERO,45067,JALISCO,dcampos@ariesenergia.com,3336272217
"SOLUCIONES ENERGETICAS JEA, S.A. DE C.V.",Sistemas fotovoltaicos,1878SFV,2021-02-05,DIVISION DEL NORTE 5  INTERIOR B,SAN FELIPE I,31203,Chihuahua,"clara.maria.lara@hotmail.com,  lety@solar-pro.mx",6141621237
"SOLUCIONES ENERGETICAS SUSTENTABLES DE SINALOA, S.A. DE C.V.",Sistemas fotovoltaicos,2228SFV,2022-12-02,HACIENDA SAN PABLO 6500,HACIENDA DEL SEMINARIO,82129,SINALOA,ses.operaciones01@gmail.com,6941170545
SUNET TECNOLOGIAS AVANZADAS S. DE R.L. DE C.V.,Sistemas fotovoltaicos,2127SFV,2021-08-20,CALLE PRIMERA 42,GONZALEZ ORTEGA,21397,Baja California,humberto.luna@sunet.mx,6865164757
"SUNIT, S.A.P.I. DE C.V.",Sistemas fotovoltaicos,2208SFV,2022-04-22,BOULEVAR ORTIZ MENA NO. 2029,QUINTAS DEL SOL,31250,CHIHUAHUA,"juan.rocha@solaemexico.com, jesuusgutierrez10@gmail.com",01 614 439 4053
"SUSTENTOBRAS, S. DE R.L. DE C.V.",Sistemas fotovoltaicos,2001SFV,2022-12-02,CALZADA ZAMORA-JACONA NO. 707,CAMPESTRE,59810,Michoacán,alberto.barrera.se@outlook.com,3515177772
SWIVEL SYSTEMS SA DE CV,Sistemas fotovoltaicos,2305SFV,2023-05-26,ZAFIRO 47,INFONAVIT BUENA VISTA,91850,Veracruz,fbonilla@swivelenergy.com,2293568515
TAM GREEN GROUP S.A. DE C.V. ,Sistemas fotovoltaicos,1964SFV,2019-08-19,AV PEDRO HENRIQUEZ UREÑA No 619,LOS REYES COYOACAN,4330,Ciudad de México,ventas@ecovagreen.com,56179085
TECNO ENERGIA ALTERNATIVA DE MEXICO SA DE CV,Sistemas fotovoltaicos,1634SFV,2019-07-12,TRES MARIAS 600 INT  A302,TRES MARIAS,58254,Michoacán,rortiz@tecnoenergia.mx,4433109603
"TECNODEN, S.A. DE C.V.",Sistemas fotovoltaicos,1737SFV,2023-04-14,CALLE FAJA DE ORO No. 403 ALTOS,MINERVA,89120,Tamaulipas,sgcampero@tecnoden.com,01 833 372 5556
TECNOLOGIA COMERCIAL DE VERACRUZ S.A. DE C.V.,"Iluminación, Motores eléctricos, Sistemas fotovoltaicos, Variadores de velocidad ",1501PIA,2022-12-02,PRIVADA DE ACACIAS NO. 7,FRACC. VICTORIA,94476,Veracruz,mantilla@imosur.com.mx,01 271 73 69325
TECNOLOGIA Y SOLUCIONES APLICADAS SA DE CV,Sistemas fotovoltaicos,2117SFV,2021-06-18,BRASILIA 107,LA FUENTE,20239,Aguascalientes,guillermo@max4technologies.com,4499157710
TENERGY SA de CV,Sistemas fotovoltaicos,2015SFV,2020-08-07,Av GOMEZ MORIN 522 C,LAS ERAS SEGUNDA SECCION,36640,Guanajuato,fernando.centeno@tenergy.com.mx,442 327 1947
THERMOKOLD INTERNACIONAL S DE RL DE CV,Sistemas fotovoltaicos,2306SFV,2023-07-13,10 No. 207 INT 1,MEXICO ORIENTE,97137,Yucatán,direccion@thermokold.mx,9999479797
TRADE SERVICES ASSISTANCE DE MEXICO SA DE CV,Sistemas fotovoltaicos,1833SFV,2021-02-26,AV AÑIL 571 PISO 6 NO. INTERIOR 611,GRANJAS MEXICO,8400,Distrito Federal,alvarez_4@hotmail.com,01 55 5385 31112
TURBOPOWER SERVICES S.A. DE C.V. ,Sistemas fotovoltaicos,2106SFV,2021-04-16,AVENIDA VALLE GRANDE 2010,VALLE DEL PALMAR,21378,Baja California,alfredo.rosillo@turbopowermx.com,6865630069
VECTORES LAS INGENIERIA ESTUDIOS CONSTRUCCIONES Y SUPERVISION SA DE CV,Sistemas fotovoltaicos,2007SFV,2020-03-30,AVENIDA 13A  1710,BENITO JUAREZ,94590,Veracruz,andres.lara02@vectoreslas.com,2717149113
VERIFICATION AND REGULATION MEXICAN CORPORATE SA DE CV ,Sistemas fotovoltaicos,18103SFV,2019-03-25,VIDRIO 1859,AMERICANA,44160,Jalisco,d.muro@vremec.com.mx,3324690045
VETA VERDE SA DE CV,Sistemas fotovoltaicos,2223SFV,2022-09-06,LAGO DE TEXCOCO 112B,ANAHUAC I SECCION,11320,Distrito Federal,info@cybel.com.mx,55 2939 4753
VICTOR VALENCIA RUIZ,Sistemas fotovoltaicos,1534SFV,2021-08-06,TAMAULIPAS 149,FLORES MAGON,62370,MORELOS,aton.energy.cia@gmail.com,01 777 243 7594 
VIDA CHIBAL SA DE CV ,Sistemas fotovoltaicos,2132SFV,2021-09-24,LA REYNA 260,CHAPALITA ORIENTE ,45040,Jalisco,diegoalejandro@vidachibal.com,3317449826
VOLTOR ELECTRIC S.A. DE C.V.,Sistemas fotovoltaicos,1557SFV,2022-04-22,AVENIDA ROTARIA 756,FRACC ROTARIO,87020,Tamaulipas,miguel.delats@gmail.com,"01 834 314 3640, 044 8341476572"
WENCESLAO SILVA VALLE,Sistemas fotovoltaicos,2105SFV,2021-03-29,MIRTO No. 61,VOLCAN DEL COLLI,45039,Jalisco,info@weslaco.com.mx,33 3946 0456
XALTEC SC,Sistemas fotovoltaicos,1945SFV,2021-07-16,AV LOS PINOS No. 29,BADILLO,91190,Veracruz,xaltec@gxaltec.com,01 228 811 6220
YAMEL GUADALUPE CEJA ARJONA,Sistemas fotovoltaicos,1616SFV,2023-06-13,CALLE PROLONGACION 1 PONIENTE 2205-B,LA ARCADIA,75760,Puebla,soliluz.ecosoluciones00@gmail.com,2381156091
"ZENER ENERGIA RENOVABLE, S.A. DE C.V.","Calentadores solares, Calentadores solares",1803PIA,2022-09-06,ANDALUCIA NO. 2438,SANTA MONICA,44220,JALISCO,enrique.elizondo@zenersolar.com,33 13 40 67 06
ZRO BASE MEXICO S.A. DE C.V.,Sistemas fotovoltaicos,1892SFV,2018-12-21,CALLE JIMENEZ NUMERO 60 NORTE,CENTRO,27000,Coahuila,santillanbase@prodigy.com.mx,8717110633
